delete from DIM_TIPO_HUB
insert into DIM_TIPO_HUB(codigoTipoHub,descricaoTipo) values ('E12','Tipo A');
insert into DIM_TIPO_HUB(codigoTipoHub,descricaoTipo) values ('E15','Tipo A');
insert into DIM_TIPO_HUB(codigoTipoHub,descricaoTipo) values ('E1','Tipo C');
insert into DIM_TIPO_HUB(codigoTipoHub,descricaoTipo) values ('E13','Tipo A');
insert into DIM_TIPO_HUB(codigoTipoHub,descricaoTipo) values ('E11','Tipo D');

delete from DIM_HUB;
insert into DIM_HUB(CODIGOHUB,NOMEHUB,CODIGOTIPOHUB) values ('HUB-1','Hub Porto','E12');
insert into DIM_HUB(CODIGOHUB,NOMEHUB,CODIGOTIPOHUB) values ('HUB-2','Hub Porto N','E15');
insert into DIM_HUB(CODIGOHUB,NOMEHUB,CODIGOTIPOHUB) values ('HUB-3','Hub Benfica','E1');
insert into DIM_HUB(CODIGOHUB,NOMEHUB,CODIGOTIPOHUB) values ('HUB-44','Hub Braga','E13');
insert into DIM_HUB(CODIGOHUB,NOMEHUB,CODIGOTIPOHUB) values ('HUB-231','Hub Alg','E11');

delete from DIM_CULTURA;
insert into DIM_CULTURA (CODIGOCULTURA, NOMECULTURA) values ('CUL-1', 'Macieira');
insert into DIM_CULTURA (CODIGOCULTURA, NOMECULTURA) values ('CUL-2', 'Pereira');
insert into DIM_CULTURA (CODIGOCULTURA, NOMECULTURA) values ('CUL-3', 'Morangueiro');
insert into DIM_CULTURA (CODIGOCULTURA, NOMECULTURA) values ('CUL-4', 'Pinheiro');

delete from DIM_TIPO_CULTURA;
insert into DIM_TIPO_CULTURA (CODIGOTIPOCULTURA, CODIGOCULTURA, NOMETIPOCULTURA) values ('TC-1', 'CUL-1', 'Maçãs');
insert into DIM_TIPO_CULTURA (CODIGOTIPOCULTURA, CODIGOCULTURA, NOMETIPOCULTURA) values ('TC-2', 'CUL-1', 'Sementes de Maçã');
insert into DIM_TIPO_CULTURA (CODIGOTIPOCULTURA, CODIGOCULTURA, NOMETIPOCULTURA) values ('TC-3', 'CUL-1', 'Madeira de Macieira');
insert into DIM_TIPO_CULTURA (CODIGOTIPOCULTURA, CODIGOCULTURA, NOMETIPOCULTURA) values ('TC-4', 'CUL-2', 'Pera');
insert into DIM_TIPO_CULTURA (CODIGOTIPOCULTURA, CODIGOCULTURA, NOMETIPOCULTURA) values ('TC-5', 'CUL-2', 'Sementes de Pera');
insert into DIM_TIPO_CULTURA (CODIGOTIPOCULTURA, CODIGOCULTURA, NOMETIPOCULTURA) values ('TC-6', 'CUL-2', 'Madeira de Pereira');
insert into DIM_TIPO_CULTURA (CODIGOTIPOCULTURA, CODIGOCULTURA, NOMETIPOCULTURA) values ('TC-7', 'CUL-3', 'Morangos');
insert into DIM_TIPO_CULTURA (CODIGOTIPOCULTURA, CODIGOCULTURA, NOMETIPOCULTURA) values ('TC-8', 'CUL-3', 'Sementes de Morangos');
insert into DIM_TIPO_CULTURA (CODIGOTIPOCULTURA, CODIGOCULTURA, NOMETIPOCULTURA) values ('TC-9', 'CUL-4', 'Pinhas');
insert into DIM_TIPO_CULTURA (CODIGOTIPOCULTURA, CODIGOCULTURA, NOMETIPOCULTURA) values ('TC-10', 'CUL-4', 'Madeira de Pinheiro');

delete from DIM_PRODUTO;
insert into DIM_PRODUTO (CODIGOPRODUTO, CODIGOTIPOCULTURA, NOMEPRODUTO) values ('PRO-1', 'TC-1', 'Maçã assada');
insert into DIM_PRODUTO (CODIGOPRODUTO, CODIGOTIPOCULTURA, NOMEPRODUTO) values ('PRO-2', 'TC-1', 'Maçã');
insert into DIM_PRODUTO (CODIGOPRODUTO, CODIGOTIPOCULTURA, NOMEPRODUTO) values ('PRO-3', 'TC-2', 'Semente de Maçã');
insert into DIM_PRODUTO (CODIGOPRODUTO, CODIGOTIPOCULTURA, NOMEPRODUTO) values ('PRO-4', 'TC-3', 'Lenha de Macieira');
insert into DIM_PRODUTO (CODIGOPRODUTO, CODIGOTIPOCULTURA, NOMEPRODUTO) values ('PRO-5', 'TC-4', 'Pera');
insert into DIM_PRODUTO (CODIGOPRODUTO, CODIGOTIPOCULTURA, NOMEPRODUTO) values ('PRO-6', 'TC-4', 'Doce de Pera');
insert into DIM_PRODUTO (CODIGOPRODUTO, CODIGOTIPOCULTURA, NOMEPRODUTO) values ('PRO-7', 'TC-5', 'Semente de Pera');
insert into DIM_PRODUTO (CODIGOPRODUTO, CODIGOTIPOCULTURA, NOMEPRODUTO) values ('PRO-8', 'TC-6', 'Lenha de Pereira');
insert into DIM_PRODUTO (CODIGOPRODUTO, CODIGOTIPOCULTURA, NOMEPRODUTO) values ('PRO-9', 'TC-7', 'Morango');
insert into DIM_PRODUTO (CODIGOPRODUTO, CODIGOTIPOCULTURA, NOMEPRODUTO) values ('PRO-10', 'TC-7', 'Morango com açucar');
insert into DIM_PRODUTO (CODIGOPRODUTO, CODIGOTIPOCULTURA, NOMEPRODUTO) values ('PRO-11', 'TC-7', 'Doce de Morango');
insert into DIM_PRODUTO (CODIGOPRODUTO, CODIGOTIPOCULTURA, NOMEPRODUTO) values ('PRO-12', 'TC-8', 'Semente de Morango');
insert into DIM_PRODUTO (CODIGOPRODUTO, CODIGOTIPOCULTURA, NOMEPRODUTO) values ('PRO-13', 'TC-9', 'Pinha');
insert into DIM_PRODUTO (CODIGOPRODUTO, CODIGOTIPOCULTURA, NOMEPRODUTO) values ('PRO-14', 'TC-10', 'Lenha de Pinheiro');

delete from DIM_MES;
insert into DIM_MES (CODIGOMES, MES) values ('M-01', 1);
insert into DIM_MES (CODIGOMES, MES) values ('M-04', 4);
insert into DIM_MES (CODIGOMES, MES) values ('M-05', 5);
insert into DIM_MES (CODIGOMES, MES) values ('M-08', 8);
insert into DIM_MES (CODIGOMES, MES) values ('M-10', 10);
insert into DIM_MES (CODIGOMES, MES) values ('M-11', 11);
insert into DIM_MES (CODIGOMES, MES) values ('M-12', 12);

delete from DIM_ANO;
insert into DIM_ANO (CODIGOANO, ANO) values ('A-2004', 2004);
insert into DIM_ANO (CODIGOANO, ANO) values ('A-2007', 2007);
insert into DIM_ANO (CODIGOANO, ANO) values ('A-2008', 2008);
insert into DIM_ANO (CODIGOANO, ANO) values ('A-2009', 2009);
insert into DIM_ANO (CODIGOANO, ANO) values ('A-2012', 2012);
insert into DIM_ANO (CODIGOANO, ANO) values ('A-2014', 2014);
insert into DIM_ANO (CODIGOANO, ANO) values ('A-2015', 2015);
insert into DIM_ANO (CODIGOANO, ANO) values ('A-2017', 2017);
insert into DIM_ANO (CODIGOANO, ANO) values ('A-2019', 2019);
insert into DIM_ANO (CODIGOANO, ANO) values ('A-2020', 2020);
insert into DIM_ANO (CODIGOANO, ANO) values ('A-2021', 2021);

delete from DIM_TEMPO;
insert into DIM_TEMPO (CODIGOTEMPO, CODIGOMES, CODIGOANO) values ('T-012008', 'M-01', 'A-2008');
insert into DIM_TEMPO (CODIGOTEMPO, CODIGOMES, CODIGOANO) values ('T-012012', 'M-01', 'A-2012');
insert into DIM_TEMPO (CODIGOTEMPO, CODIGOMES, CODIGOANO) values ('T-012021', 'M-01', 'A-2021');
insert into DIM_TEMPO (CODIGOTEMPO, CODIGOMES, CODIGOANO) values ('T-042004', 'M-04', 'A-2004');
insert into DIM_TEMPO (CODIGOTEMPO, CODIGOMES, CODIGOANO) values ('T-052007', 'M-05', 'A-2007');
insert into DIM_TEMPO (CODIGOTEMPO, CODIGOMES, CODIGOANO) values ('T-052020', 'M-05', 'A-2020');
insert into DIM_TEMPO (CODIGOTEMPO, CODIGOMES, CODIGOANO) values ('T-082009', 'M-08', 'A-2009');
insert into DIM_TEMPO (CODIGOTEMPO, CODIGOMES, CODIGOANO) values ('T-082014', 'M-08', 'A-2014');
insert into DIM_TEMPO (CODIGOTEMPO, CODIGOMES, CODIGOANO) values ('T-082017', 'M-08', 'A-2017');
insert into DIM_TEMPO (CODIGOTEMPO, CODIGOMES, CODIGOANO) values ('T-082019', 'M-08', 'A-2019');
insert into DIM_TEMPO (CODIGOTEMPO, CODIGOMES, CODIGOANO) values ('T-102012', 'M-10', 'A-2012');
insert into DIM_TEMPO (CODIGOTEMPO, CODIGOMES, CODIGOANO) values ('T-102015', 'M-10', 'A-2015');
insert into DIM_TEMPO (CODIGOTEMPO, CODIGOMES, CODIGOANO) values ('T-112007', 'M-11', 'A-2007');
insert into DIM_TEMPO (CODIGOTEMPO, CODIGOMES, CODIGOANO) values ('T-122015', 'M-12', 'A-2015');

delete from DIM_CLIENTE;
insert into DIM_CLIENTE (CODIGOCLIENTE, NOMECLIENTE) values ('ID-1', 'António Ferreira');
insert into DIM_CLIENTE (CODIGOCLIENTE, NOMECLIENTE) values ('ID-2', 'Maria Pinheiro');
insert into DIM_CLIENTE (CODIGOCLIENTE, NOMECLIENTE) values ('ID-3', 'José Pedro');
insert into DIM_CLIENTE (CODIGOCLIENTE, NOMECLIENTE) values ('ID-4', 'Joaquim da Silva');
insert into DIM_CLIENTE (CODIGOCLIENTE, NOMECLIENTE) values ('ID-5', 'Raquel Soares');
insert into DIM_CLIENTE (CODIGOCLIENTE, NOMECLIENTE) values ('ID-6', 'Lionel Sousa');
insert into DIM_CLIENTE (CODIGOCLIENTE, NOMECLIENTE) values ('ID-7', 'Ricardo Araújo');

delete from DIM_PARCELA;
insert into DIM_PARCELA (CODIGOPARCELA, NOMEPARCELA) values ('PAR-1', 'Árvores');
insert into DIM_PARCELA (CODIGOPARCELA, NOMEPARCELA) values ('PAR-2', 'Arbustos');
insert into DIM_PARCELA (CODIGOPARCELA, NOMEPARCELA) values ('PAR-3', 'Variado');

delete from FACT_PRODUCAO_TONELADAS;
insert into FACT_PRODUCAO_TONELADAS (CODIGOPARCELA, CODIGOTEMPO, CODIGOPRODUTO, QUANTIDADEPRODUCAO) values ('PAR-1', 'T-012008', 'PRO-1', 12.25);
insert into FACT_PRODUCAO_TONELADAS (CODIGOPARCELA, CODIGOTEMPO, CODIGOPRODUTO, QUANTIDADEPRODUCAO) values ('PAR-1', 'T-012012', 'PRO-2', 07.20);
insert into FACT_PRODUCAO_TONELADAS (CODIGOPARCELA, CODIGOTEMPO, CODIGOPRODUTO, QUANTIDADEPRODUCAO) values ('PAR-1', 'T-012021', 'PRO-3', 10.89);
insert into FACT_PRODUCAO_TONELADAS (CODIGOPARCELA, CODIGOTEMPO, CODIGOPRODUTO, QUANTIDADEPRODUCAO) values ('PAR-1', 'T-042004', 'PRO-4', 03.90);
insert into FACT_PRODUCAO_TONELADAS (CODIGOPARCELA, CODIGOTEMPO, CODIGOPRODUTO, QUANTIDADEPRODUCAO) values ('PAR-1', 'T-052007', 'PRO-5', 05.38);
insert into FACT_PRODUCAO_TONELADAS (CODIGOPARCELA, CODIGOTEMPO, CODIGOPRODUTO, QUANTIDADEPRODUCAO) values ('PAR-2', 'T-052020', 'PRO-6', 17.81);
insert into FACT_PRODUCAO_TONELADAS (CODIGOPARCELA, CODIGOTEMPO, CODIGOPRODUTO, QUANTIDADEPRODUCAO) values ('PAR-2', 'T-082009', 'PRO-7', 30.26);
insert into FACT_PRODUCAO_TONELADAS (CODIGOPARCELA, CODIGOTEMPO, CODIGOPRODUTO, QUANTIDADEPRODUCAO) values ('PAR-2', 'T-082014', 'PRO-8', 14.89);
insert into FACT_PRODUCAO_TONELADAS (CODIGOPARCELA, CODIGOTEMPO, CODIGOPRODUTO, QUANTIDADEPRODUCAO) values ('PAR-2', 'T-082019', 'PRO-9', 01.23);
insert into FACT_PRODUCAO_TONELADAS (CODIGOPARCELA, CODIGOTEMPO, CODIGOPRODUTO, QUANTIDADEPRODUCAO) values ('PAR-2', 'T-102012', 'PRO-10', 19.39);
insert into FACT_PRODUCAO_TONELADAS (CODIGOPARCELA, CODIGOTEMPO, CODIGOPRODUTO, QUANTIDADEPRODUCAO) values ('PAR-3', 'T-102015', 'PRO-11', 25.32);
insert into FACT_PRODUCAO_TONELADAS (CODIGOPARCELA, CODIGOTEMPO, CODIGOPRODUTO, QUANTIDADEPRODUCAO) values ('PAR-3', 'T-112007', 'PRO-12', 23.85);
insert into FACT_PRODUCAO_TONELADAS (CODIGOPARCELA, CODIGOTEMPO, CODIGOPRODUTO, QUANTIDADEPRODUCAO) values ('PAR-3', 'T-122015', 'PRO-13', 04.95);
insert into FACT_PRODUCAO_TONELADAS (CODIGOPARCELA, CODIGOTEMPO, CODIGOPRODUTO, QUANTIDADEPRODUCAO) values ('PAR-3', 'T-052007', 'PRO-14', 29.87);
insert into FACT_PRODUCAO_TONELADAS (CODIGOPARCELA, CODIGOTEMPO, CODIGOPRODUTO, QUANTIDADEPRODUCAO) values ('PAR-3', 'T-102012', 'PRO-7', 11.12);
insert into FACT_PRODUCAO_TONELADAS (CODIGOPARCELA, CODIGOTEMPO, CODIGOPRODUTO, QUANTIDADEPRODUCAO) values ('PAR-3', 'T-082019', 'PRO-7', 13.23);
insert into FACT_PRODUCAO_TONELADAS (CODIGOPARCELA, CODIGOTEMPO, CODIGOPRODUTO, QUANTIDADEPRODUCAO) values ('PAR-3', 'T-102012', 'PRO-7', 15.30);
insert into FACT_PRODUCAO_TONELADAS (CODIGOPARCELA, CODIGOTEMPO, CODIGOPRODUTO, QUANTIDADEPRODUCAO) values ('PAR-3', 'T-082019', 'PRO-10', 11.90);
insert into FACT_PRODUCAO_TONELADAS (CODIGOPARCELA, CODIGOTEMPO, CODIGOPRODUTO, QUANTIDADEPRODUCAO) values ('PAR-3', 'T-012021', 'PRO-10', 08.20);


delete from FACT_VENDAS_MILHARES_EUROS;
insert into FACT_VENDAS_MILHARES_EUROS (CODIGOCLIENTE, CODIGOTEMPO, CODIGOPRODUTO, QUANTIAVENDAS, CODIGOHUB) values ('ID-1', 'T-012008', 'PRO-1', 31.83, 'HUB-1');
insert into FACT_VENDAS_MILHARES_EUROS (CODIGOCLIENTE, CODIGOTEMPO, CODIGOPRODUTO, QUANTIAVENDAS, CODIGOHUB) values ('ID-2', 'T-012012', 'PRO-2', 18.43, 'HUB-1');
insert into FACT_VENDAS_MILHARES_EUROS (CODIGOCLIENTE, CODIGOTEMPO, CODIGOPRODUTO, QUANTIAVENDAS, CODIGOHUB) values ('ID-3', 'T-012021', 'PRO-3', 44.90, 'HUB-1');
insert into FACT_VENDAS_MILHARES_EUROS (CODIGOCLIENTE, CODIGOTEMPO, CODIGOPRODUTO, QUANTIAVENDAS, CODIGOHUB) values ('ID-4', 'T-042004', 'PRO-4', 03.12, 'HUB-1');
insert into FACT_VENDAS_MILHARES_EUROS (CODIGOCLIENTE, CODIGOTEMPO, CODIGOPRODUTO, QUANTIAVENDAS, CODIGOHUB) values ('ID-5', 'T-052007', 'PRO-5', 50.93, 'HUB-1');
insert into FACT_VENDAS_MILHARES_EUROS (CODIGOCLIENTE, CODIGOTEMPO, CODIGOPRODUTO, QUANTIAVENDAS, CODIGOHUB) values ('ID-6', 'T-052020', 'PRO-6', 15.46, 'HUB-2');
insert into FACT_VENDAS_MILHARES_EUROS (CODIGOCLIENTE, CODIGOTEMPO, CODIGOPRODUTO, QUANTIAVENDAS, CODIGOHUB) values ('ID-7', 'T-082009', 'PRO-7', 19.34, 'HUB-2');
insert into FACT_VENDAS_MILHARES_EUROS (CODIGOCLIENTE, CODIGOTEMPO, CODIGOPRODUTO, QUANTIAVENDAS, CODIGOHUB) values ('ID-1', 'T-082014', 'PRO-8', 22.51, 'HUB-1');
insert into FACT_VENDAS_MILHARES_EUROS (CODIGOCLIENTE, CODIGOTEMPO, CODIGOPRODUTO, QUANTIAVENDAS, CODIGOHUB) values ('ID-2', 'T-082019', 'PRO-9', 20.75, 'HUB-1');
insert into FACT_VENDAS_MILHARES_EUROS (CODIGOCLIENTE, CODIGOTEMPO, CODIGOPRODUTO, QUANTIAVENDAS, CODIGOHUB) values ('ID-3', 'T-102012', 'PRO-10', 27.59, 'HUB-3');
insert into FACT_VENDAS_MILHARES_EUROS (CODIGOCLIENTE, CODIGOTEMPO, CODIGOPRODUTO, QUANTIAVENDAS, CODIGOHUB) values ('ID-4', 'T-102015', 'PRO-11', 35.66, 'HUB-3');
insert into FACT_VENDAS_MILHARES_EUROS (CODIGOCLIENTE, CODIGOTEMPO, CODIGOPRODUTO, QUANTIAVENDAS, CODIGOHUB) values ('ID-5', 'T-112007', 'PRO-12', 27.18, 'HUB-1');
insert into FACT_VENDAS_MILHARES_EUROS (CODIGOCLIENTE, CODIGOTEMPO, CODIGOPRODUTO, QUANTIAVENDAS, CODIGOHUB) values ('ID-6', 'T-122015', 'PRO-13', 06.39, 'HUB-44');
insert into FACT_VENDAS_MILHARES_EUROS (CODIGOCLIENTE, CODIGOTEMPO, CODIGOPRODUTO, QUANTIAVENDAS, CODIGOHUB) values ('ID-7', 'T-052007', 'PRO-14', 46.91, 'HUB-231');
insert into FACT_VENDAS_MILHARES_EUROS (CODIGOCLIENTE, CODIGOTEMPO, CODIGOPRODUTO, QUANTIAVENDAS, CODIGOHUB) values ('ID-1', 'T-102012', 'PRO-7', 19.09, 'HUB-231');





select * from DIM_CULTURA;
select * from DIM_TIPO_CULTURA;
select * from DIM_PRODUTO;
select * from DIM_MES;
select * from DIM_ANO;
select * from DIM_TEMPO;
select * from DIM_CLIENTE;
select * from DIM_PARCELA;
select * from FACT_PRODUCAO_TONELADAS;
select * from FACT_VENDAS_MILHARES_EUROS;

select * from vw_evolutionMonthlyTypeCrop;
select * from vw_evolutionMonthlyTypeCropAndHub;